Event Name,Start Date,End Date,Location,Event Type,Delivery Method
Arkansas Conference of Technology (ACOT),10/18/2022,10/21/2022,"Little Rock, AR",Conference / Retreat,In-Person
Minnesota Chrome Technical Workshop,10/13/2022,10/13/2022,"Edina, MN",Technical Workshop,In-Person
Amplified Admin Level 1,10/06/2022,10/06/2022,"Waco, TX",Admin Bootcamp,In-Person
ESC Region 14 Custom Technical Workshop,07/28/2022,07/28/2022,"Abilene, TX",Custom Training,In-Person
Amplified Admin Level 1,07/26/2022,07/26/2022,,Admin Bootcamp,Virtual
Atlanta Chrome Technical Workshop,12/13/2023,12/13/2023,"Atlanta, GA",Technical Workshop,In-Person
ESC Region 8 Level 1 ,11/16/2023,11/16/2023,"Pittsburg, TX",Admin Bootcamp,In-Person
CNYRIC Level 1 & Level 2 Bootcamp,10/19/2023,10/24/2023,"Syracuse, NY",Admin Bootcamp,In-Person
Tennessee Security Summit,09/26/2023,09/26/2023,"Brentwood, TN",Security Summit,In-Person
Texas Security Summit,06/08/2023,06/08/2023,"Austin, TX",Security Summit,In-Person
New Hampshire CTO Clinic,05/31/2023,05/31/2023,,Admin Best Practices,Virtual
Amplified Admin Level 1,05/19/2023,05/19/2023,"Chicago Heights, IL",Admin Bootcamp,In-Person
Hawaii Department of Education (HIDOE) Google Technical Workshops,05/01/2023,05/01/2023,Hawaii,Deep Dive Training,In-Person
Secure the School Digital Event,04/19/2023,04/19/2023,,Webinar,Virtual
MECA,02/08/2023,02/10/2023,"Jackson, MI",Conference Session,In-Person
TCEA ,01/30/2023,02/02/2023,"San Antonio, TX",Conference Session,In-Person
Texas Chrome and Gemini Technical Workshop,12/17/2024,12/17/2024,"Houston, TX",Technical Workshop,In-Person
Nassau BOCES Security Summit,12/12/2024,12/12/2024,"Westbury, NY",Security Summit,In-Person
Virtual Security Summit,11/20/2024,11/20/2024,,Security Summit,Virtual
Paterson Chrome and Gemini Technical Workshop,10/08/2024,10/08/2024,"Paterson, NJ",Technical Workshop,In-Person
Western Suffolk BOCES Security Summit,05/29/2024,05/29/2024,"Wheatley Heights, NY",Security Summit,In-Person
Springfield Security Summit,05/22/2024,05/22/2024,"Springfield, MO",Security Summit,In-Person
ESC 8 Level 2 Bootcamp,05/16/2024,05/16/2024,"Pittsburg, TX",Admin Bootcamp,In-Person
LTC/ROE #3 Level 1 Bootcamp,04/10/2024,04/10/2024,"Litchfield, IL",Admin Bootcamp,In-Person
ATLIS 2024 Security Workshop,04/01/2024,04/01/2024,"Reno, NV",Conference Session,In-Person
Ontario Collaborative Meetup,02/23/2024,02/23/2024,,Meetup,Virtual
TCEA 2024 Security Workshop,02/01/2024,02/01/2024,"Austin, TX",Conference Session,In-Person
Brainstorm OH 2024,02/01/2024,02/01/2024,"Sandusky, OH",Conference Session,In-Person
FETC,01/14/2025,01/17/2025,"Orlando, FL",Conference,In-person
TCEA,02/01/2025,02/05/2025,"Austin, TX, USA",Conference,In-person
Virtual Security Summit,03/04/2025,03/04/2025,,Full-Day Technical,Virtual
Brainstorm WI Dells,03/09/2025,03/11/2025,"Wisconsin Dells, WI",Conference,In-person
Springfield R-Xii School District (MO) Level 1 Bootcamp,03/25/2025,03/25/2025,"Springfield, MO, USA",Full-Day Technical,In-person
Virtual Level 2 Google Admin Bootcamp,03/27/2025,03/27/2025,,Full-Day Technical,Virtual
IT Focused Gemini Session,04/01/2025,04/01/2025,,Half-Day Workshop,Virtual
Security Summit,04/03/2025,04/03/2025,"Syracuse, NY",Full-Day Technical,In-Person
San Antonio ISD Gemini Workshop,04/17/2025,04/17/2025,"San Antonio, TX",Full-Day Workshop,In-Person
KY Gemini Workshop,04/22/2025,04/22/2025,"Pikeville, KY",Full-Day Workshop,In-Person
CA Gemini Workshop,05/01/2025,05/01/2025,"Riverside, CA",Full-Day Workshop,In-Person
Peculiar MO Gemini Workshop,05/20/2025,05/20/2025,"Kansas City, MO",Full-Day Workshop,In-Person
OKC Gemini Workshop,05/22/2025,05/22/2025,"Oklahoma City, OK",Full-Day Workshop,In-Person
Virtual Level 1 Google Admin Bootcamp,06/05/2025,06/05/2025,,Full-Day Technical,Virtual
Level 1 Google Admin Bootcamp - Sponsored by Lenovo,07/14/2025,07/14/2025,"Austin, TX, USA",Full-Day Technical,In-Person
Southeast Education Service Center Level 1 and 2 Google Admin Bootcamp,07/29/2025,07/30/2025,"Price, UT",Full-Day Technical,In-Person
REMC Level 1 Google Admin Bootcamp (Monroe County),08/05/2025,08/05/2025,"Monroe, MI",Full-Day Technical,In-Person
"Aurora, CO Level 1 and 2 Google Admin Bootcamps ",09/03/2025,09/04/2025,"Auroroa, CO",Full-Day Technical,In-Person
Virtual Security Summit,09/10/2025,09/10/2025,,Full-Day Technical,Virtual
Clare-Gladwin RESD Level 1 Google Admin Bootcamp,09/18/2025,09/18/2025,"Clare, MI",Full-Day Technical,In-Person
Google Edu On Air Series: Data Loss Protection Session,09/23/2025,09/23/2025,,1-Hour Session,Virtual
KRESA (REMC) Level 1 Google Admin Bootcamp,10/03/2025,10/03/2025,"Kalamazoo, MI",Full-Day Technical,In-Person
Milwaukee Public Schools: Virtual Full Day Best Practices Workshop,10/20/2025,10/21/2025,,Full-Day Technical,Virtual
OKSTE,11/05/2025,11/06/2025,"Tulsa, OK",Conference,In-Person
Wayne County REMC Level 1 Google Admin Bootcamp,11/10/2025,11/10/2025,"Wayne, MI",Full-Day Technical,In-Person
"Washtenaw Co. Level 2 Google Admin Bootcamp (Ann Arbor, MI, REMC)",11/11/2025,11/11/2025,"Ann Arbor, MI",Full-Day Technical,In-Person
Bay City Area Level 1 Google Admin Bootcamp (MI),11/12/2025,11/12/2025,"Bay City, MI",Full-Day Technical,In-Person
METAA Webinar Series: Unlocking the Power of Google Vault: Data Retention and Investigations,11/20/2025,11/20/2025,,1-Hour Session,Virtual
"Chrome/Gemini Technical Workshop - Forney, TX",12/02/2025,12/02/2025,"Forney, TX",Full-Day Workshop,In-Person
Google EDU on Air: Gemini for Education Updates for IT Admins,12/09/2025,12/09/2025,,1-Hour Session,Virtual
Springdale Virtual Training,12/18/2025,12/18/2025,,Full-Day Technical,Virtual
Pajaro (CA) Level 1 and 2 Google Admin Bootcamp,01/07/2026,01/08/2026,"Watsonville, CA",Full-Day Technical,In-Person
Phoenix AZ Gemini Workshop,01/27/2026,01/27/2026,"Phoenix, AZ",Full-Day Workshop,In-Person
Irvine CA Gemini Workshop,01/29/2026,01/29/2026,"Irvine, CA",Full-Day Workshop,In-Person
"Houston, TX Gemini Workshop",02/19/2026,02/19/2026,"Houston, TX",Full-Day Workshop,In-Person
Google EDU on Air: Staying Current in an Evolving AI Landscape,02/24/2026,02/24/2026,,1-Hour Session,Virtual
KAST (KY),03/11/2026,03/13/2026,"Louisville, KY",Conference,In-Person
Google EDU on Air: Managing Gemini and Google AI across the Chrome Platform,03/24/2026,03/24/2026,,1-Hour Session,Virtual
Iowa Gemini Workshop,04/07/2026,04/07/2026,"Cedar Rapids, IA",Full-Day Workshop,In-Person
Virtual: CNYRIC Managing and Deploying Gemini in Google Workspace,04/15/2026,04/15/2026,,1-Hour Session,Virtual
Maine Gemini Workshop,04/22/2026,04/22/2026,"South Portland, ME",Full-Day Workshop,In-Person
Western Suffolk BOCES Gemini Workshop,04/29/2026,04/29/2026,"Melville, NY",Full-Day Workshop,In-Person
Brainstorm Sandusky,05/03/2026,05/05/2026,"Sandusky, OH",Conference,In-Person
,,,,,
,,,,,
,,,,,
,,,,,
,,,,,
,,,,,
,,,,,
,,,,,
,,,,,
,,,,,
,,,,,
,,,,,
